类别ID,中文名称,类别准确率
0,步行,0.9999999999056605
1,坐姿呼吸,0.0
2,跳跃,0.0
3,挥手,0.23364485979124816
4,跑步,0.48739495794223575
