类别ID,中文名称,类别准确率
0,步行,0.37383177566599707
1,坐姿呼吸,0.0
2,跳跃,0.3896103895597909
3,挥手,0.8691588784234432
4,跑步,0.9166666665902778
