类别ID,中文名称,类别准确率
0,步行,0.8446601940927515
1,坐姿呼吸,0.0
2,跳跃,0.47999999993600007
3,挥手,0.5714285713741497
4,跑步,0.7672413792442033
