类别ID,中文名称,类别准确率
0,步行,0.9158878503816927
1,坐姿呼吸,0.6697247705807592
2,跳跃,0.8831168830021927
3,挥手,0.16822429904969868
4,跑步,0.37499999996875
