类别ID,中文名称,类别准确率
0,步行,0.8999999991
1,坐姿呼吸,0.999999999090909
2,跳跃,0.6249999992187499
3,挥手,0.8181818174380164
4,跑步,0.9166666659027777
