类别ID,中文名称,类别准确率
0,步行,0.8691588784234432
1,坐姿呼吸,0.0
2,跳跃,0.99999999987013
3,挥手,0.0
4,跑步,0.12499999998958335
