类别ID,中文名称,类别准确率
0,步行,0.8971962615983929
1,坐姿呼吸,0.5321100916943019
2,跳跃,0.06493506492663181
3,挥手,0.8971962615983929
4,跑步,0.9749999999187501
