类别ID,中文名称,类别准确率
0,步行,0.9622641508526166
1,坐姿呼吸,0.48623853206548273
2,跳跃,0.57142857135436
3,挥手,0.05607476634989956
4,跑步,0.5126050419737307
