类别ID,中文名称,类别准确率
0,步行,0.9999999999065421
1,坐姿呼吸,0.0
2,跳跃,0.7402597401636027
3,挥手,0.018691588783299854
4,跑步,0.016666666665277777
