类别ID,中文名称,类别准确率
0,步行,0.03738317756659971
1,坐姿呼吸,0.018348623851527652
2,跳跃,0.0
3,挥手,0.009345794391649927
4,跑步,0.9999999999166668
