类别ID,中文名称,类别准确率
0,步行,0.0
1,坐姿呼吸,0.0
2,跳跃,0.025974025970652726
3,挥手,0.0
4,跑步,0.9333333332555556
