类别ID,中文名称,类别准确率
0,步行,0.9090909082644627
1,坐姿呼吸,0.999999999090909
2,跳跃,0.4285714279591837
3,挥手,0.999999999090909
4,跑步,0.9999999991666666
