类别ID,中文名称,类别准确率
0,步行,0.9999999989999999
1,坐姿呼吸,0.999999999090909
2,跳跃,0.7499999990624999
3,挥手,0.9090909082644627
4,跑步,0.9999999991666666
