类别ID,中文名称,类别准确率
0,步行,0.30841121492444756
1,坐姿呼吸,0.19266055044104033
2,跳跃,0.0
3,挥手,0.252336448574548
4,跑步,0.4583333332951389
