类别ID,中文名称,类别准确率
0,步行,0.1165048543576209
1,坐姿呼吸,0.9811320753791385
2,跳跃,0.053333333326222226
3,挥手,0.06666666666031747
4,跑步,0.7241379309720571
