类别ID,中文名称,类别准确率
0,步行,0.2169811320550018
1,坐姿呼吸,0.13761467888645737
2,跳跃,0.9220779219581717
3,挥手,0.02803738317494978
4,跑步,0.9159663864776499
