类别ID,中文名称,类别准确率
0,步行,0.9813084111232423
1,坐姿呼吸,0.009174311925763826
2,跳跃,0.28571428567718
3,挥手,0.0
4,跑步,0.008333333332638889
