类别ID,中文名称,类别准确率
0,步行,0.9805825241766425
1,坐姿呼吸,0.0
2,跳跃,0.9999999998666668
3,挥手,0.0
4,跑步,0.017241379308858502
