类别ID,中文名称,类别准确率
0,步行,0.9999999989999999
1,坐姿呼吸,0.999999999090909
2,跳跃,0.9999999987499999
3,挥手,0.999999999090909
4,跑步,0.8333333326388889
