类别ID,中文名称,类别准确率
0,步行,0.018691588783299854
1,坐姿呼吸,0.0
2,跳跃,0.7922077921049081
3,挥手,0.41121495323259677
4,跑步,0.7916666666006945
