类别ID,中文名称,类别准确率
0,步行,0.0
1,坐姿呼吸,0.0
2,跳跃,0.053333333326222226
3,挥手,0.9714285713360544
4,跑步,0.9827586206049347
