类别ID,中文名称,类别准确率
0,步行,0.9716981131158776
1,坐姿呼吸,0.018867924526521897
2,跳跃,0.7105263156959835
3,挥手,0.0
4,跑步,0.3504273503973994
