类别ID,中文名称,类别准确率
0,步行,0.9811320753791385
1,坐姿呼吸,0.05504587155458295
2,跳跃,0.8441558440462136
3,挥手,0.0
4,跑步,0.3277310924094344
