类别ID,中文名称,类别准确率
0,步行,0.4018691588409468
1,坐姿呼吸,0.0
2,跳跃,0.8441558440462136
3,挥手,0.018691588783299854
4,跑步,0.0833333333263889
