类别ID,中文名称,类别准确率
0,步行,0.9813084111232423
1,坐姿呼吸,0.4954128439912466
2,跳跃,0.36363636358913815
3,挥手,0.1401869158747489
4,跑步,0.49166666662569447
