类别ID,中文名称,类别准确率
0,步行,0.16981132073869706
1,坐姿呼吸,0.009433962263260948
2,跳跃,0.7763157893715374
3,挥手,0.23364485979124816
4,跑步,0.8717948717203594
