类别ID,中文名称,类别准确率
0,步行,0.9245283017995729
1,坐姿呼吸,0.40566037732022076
2,跳跃,0.7763157893715374
3,挥手,0.16822429904969868
4,跑步,0.44444444440645775
