类别ID,中文名称,类别准确率
0,步行,0.878504672815093
1,坐姿呼吸,0.0
2,跳跃,0.06493506492663181
3,挥手,0.9719626167315923
4,跑步,0.06666666666111111
