类别ID,中文名称,类别准确率
0,步行,0.019417475726270148
1,坐姿呼吸,0.0
2,跳跃,0.6799999999093334
3,挥手,0.3904761904390023
4,跑步,0.9999999999137932
