类别ID,中文名称,类别准确率
0,步行,0.0
1,坐姿呼吸,0.41284403665937214
2,跳跃,0.8571428570315399
3,挥手,0.02803738317494978
4,跑步,0.9327731091653132
