类别ID,中文名称,类别准确率
0,步行,0.179245283001958
1,坐姿呼吸,0.19811320752847988
2,跳跃,0.40789473678843496
3,挥手,0.2149532710079483
4,跑步,0.8888888888129155
