类别ID,中文名称,类别准确率
0,步行,0.009345794391649927
1,坐姿呼吸,0.00925925925840192
2,跳跃,0.0
3,挥手,0.8224299064651935
4,跑步,0.4999999999583334
