类别ID,中文名称,类别准确率
0,步行,0.6448598130238449
1,坐姿呼吸,0.009174311925763826
2,跳跃,0.0
3,挥手,0.0
4,跑步,0.4749999999604167
