类别ID,中文名称,类别准确率
0,步行,0.6792452829547883
1,坐姿呼吸,0.3302752293274977
2,跳跃,0.012987012985326363
3,挥手,0.9158878503816927
4,跑步,0.8571428570708284
