类别ID,中文名称,类别准确率
0,步行,0.018691588783299854
1,坐姿呼吸,0.0
2,跳跃,0.12987012985326363
3,挥手,0.8224299064651935
4,跑步,0.016666666665277777
