类别ID,中文名称,类别准确率
0,步行,0.0
1,坐姿呼吸,0.0
2,跳跃,0.19480519477989544
3,挥手,0.7943925232902438
4,跑步,0.7833333332680555
