类别ID,中文名称,类别准确率
0,步行,0.9245283017995729
1,坐姿呼吸,0.3773584905304379
2,跳跃,0.7499999999013158
3,挥手,0.08411214952484934
4,跑步,0.22222222220322888
