类别ID,中文名称,类别准确率
0,步行,0.009345794391649927
1,坐姿呼吸,0.0
2,跳跃,0.0
3,挥手,0.9626168223399424
4,跑步,0.9916666665840278
