类别ID,中文名称,类别准确率
0,步行,0.8301886791669634
1,坐姿呼吸,0.39622641505695977
2,跳跃,0.0
3,挥手,0.4299065420158966
4,跑步,0.7350427349799109
