类别ID,中文名称,类别准确率
0,步行,0.9719626167315923
1,坐姿呼吸,0.018348623851527652
2,跳跃,0.025974025970652726
3,挥手,0.05607476634989956
4,跑步,0.3583333333034722
