类别ID,中文名称,类别准确率
0,步行,0.0
1,坐姿呼吸,0.9999999999056605
2,跳跃,0.0
3,挥手,0.22857142854965987
4,跑步,0.9913793102593639
