类别ID,中文名称,类别准确率
0,步行,0.9532710279482924
1,坐姿呼吸,0.0
2,跳跃,0.8181818180755609
3,挥手,0.14953271026639883
4,跑步,0.0
