类别ID,中文名称,类别准确率
0,步行,0.9252336447733427
1,坐姿呼吸,0.0
2,跳跃,0.1038961038826109
3,挥手,0.0
4,跑步,0.09166666665902778
