类别ID,中文名称,类别准确率
0,步行,0.10377358489587042
1,坐姿呼吸,0.009433962263260948
2,跳跃,0.26315789470221607
3,挥手,0.8504672896401433
4,跑步,0.5811965811469063
