类别ID,中文名称,类别准确率
0,步行,0.8867924527465291
1,坐姿呼吸,0.0
2,跳跃,0.012987012985326363
3,挥手,0.878504672815093
4,跑步,0.15966386553280137
