ClassID,ClassAccuracy
0,1.0
1,0.9090909090909091
2,1.0
3,0.8181818181818182
4,1.0
