ClassID,ClassAccuracy
0,1.0
1,1.0
2,0.8571428571428571
3,0.8181818181818182
4,1.0
