ClassID,ClassAccuracy
0,1.0
1,0.9905660377358491
2,0.9473684210526315
3,0.9626168224299065
4,0.9658119658119658
