ClassID,ClassAccuracy
0,1.0
1,1.0
2,0.8961038961038961
3,0.9626168224299065
4,0.9916666666666667
