ClassID,ClassAccuracy
0,1.0
1,1.0
2,0.974025974025974
3,0.9906542056074766
4,1.0
