ClassID,ClassAccuracy
0,0.9906542056074766
1,1.0
2,0.987012987012987
3,1.0
4,1.0
