ClassID,ClassAccuracy
0,0.9902912621359223
1,0.9433962264150944
2,0.92
3,1.0
4,1.0
