ClassID,ClassName_ZH,ClassAccuracy
0,步行,0.9719626167315923
1,坐姿呼吸,0.0
2,跳跃,0.42857142851576996
3,挥手,0.4672897195824963
4,跑步,0.3999999999666667
