ClassID,ClassName_ZH,ClassAccuracy
0,步行,0.6635514018071448
1,坐姿呼吸,0.844036697170272
2,跳跃,0.18181818179456907
3,挥手,0.0
4,跑步,0.5666666666194444
