ClassID,ClassName_ZH,ClassAccuracy
0,步行,0.009345794391649927
1,坐姿呼吸,0.05504587155458295
2,跳跃,0.0
3,挥手,0.9999999999065421
4,跑步,0.8083333332659722
