ClassID,ClassAccuracy
0,0.388349514525403
1,0.9811320753791385
2,0.8933333332142223
3,0.3809523809160998
4,0.8706896550973544
