ClassID,ClassAccuracy
0,0.07476635513319942
1,0.0
2,0.15584415582391636
3,0.9813084111232423
4,0.9499999999208334
