ClassID,ClassAccuracy
0,0.9439252335566426
1,0.9816513760567293
2,0.4545454544864227
3,0.1775700934413486
4,0.36666666663611114
