ClassID,ClassAccuracy
0,0.8130841120735436
1,0.6513761467292316
2,0.6883116882222973
3,0.887850467206743
4,0.9749999999187501
