ClassID,ClassAccuracy
0,0.19811320752847988
1,0.0
2,0.896103895987519
3,0.2897196261411477
4,0.9915966385721348
