ClassID,ClassAccuracy
0,0.9626168223399424
1,0.48623853206548273
2,0.37662337657446454
3,0.5700934578906455
4,0.0
