ClassID,ClassAccuracy
0,0.4299065420158966
1,0.422018348585136
2,0.5064935064277282
3,0.9345794391649926
4,0.8583333332618056
