ClassID,ClassAccuracy
0,0.9056603772730509
1,0.49056603768956925
2,0.6578947367555402
3,0.33644859809939737
4,0.6410256409708526
