ClassID,ClassName_ZH,ClassAccuracy
0,步行,0.9719626167315923
1,坐姿呼吸,0.27522935777291474
2,跳跃,0.025974025970652726
3,挥手,0.0
4,跑步,0.5166666666236112
