ClassID,ClassName_ZH,ClassAccuracy
0,步行,0.5327102803240458
1,坐姿呼吸,0.0
2,跳跃,0.8051948050902346
3,挥手,0.0
4,跑步,0.9583333332534723
