ClassID,ClassName_ZH,ClassAccuracy
0,步行,0.0
1,坐姿呼吸,0.944954128353674
2,跳跃,0.07792207791195818
3,挥手,0.9719626167315923
4,跑步,0.8416666665965278
