ClassID,ClassAccuracy
0,1.0
1,1.0
2,1.0
3,0.8181818181818182
4,0.8333333333333334
