ClassID,ClassAccuracy
0,0.9090909090909091
1,1.0
2,0.7142857142857143
3,1.0
4,1.0
