ClassID,ClassAccuracy
0,0.8
1,0.9090909090909091
2,1.0
3,1.0
4,0.9166666666666666
